price,quantity,date,unix timestamp
331.374,1,Mar 16 2017 01: +0,1489626000
149.131,1,Mar 21 2017 01: +0,1490058000
190.25,1,Mar 26 2017 01: +0,1490490000
227.471,1,Mar 27 2017 01: +0,1490572800
214.759,1,Mar 30 2017 01: +0,1490832000
188.633,2,Mar 31 2017 01: +0,1490918400
162.086,1,Apr 01 2017 01: +0,1491004800
161.489,1,Apr 02 2017 01: +0,1491091200
193.231,1,Apr 03 2017 01: +0,1491177600
172.813,1,Apr 05 2017 01: +0,1491350400
161.787,1,Apr 06 2017 01: +0,1491436800
160.314,1,Apr 07 2017 01: +0,1491523200
187.187,3,Apr 08 2017 01: +0,1491609600
210.069,1,Apr 13 2017 01: +0,1492041600
180.921,2,Apr 14 2017 01: +0,1492128000
144.755,1,Apr 15 2017 01: +0,1492214400
190.219,1,Apr 16 2017 01: +0,1492300800
168.28,2,Apr 17 2017 01: +0,1492387200
201.832,2,Apr 18 2017 01: +0,1492473600
194.489,1,Apr 22 2017 01: +0,1492819200
204.552,1,Apr 26 2017 01: +0,1493164800
206.88,1,Apr 27 2017 01: +0,1493251200
207.414,1,Apr 29 2017 01: +0,1493424000
246.342,3,Apr 30 2017 01: +0,1493510400
234.306,1,May 02 2017 01: +0,1493683200
233.395,1,May 03 2017 01: +0,1493769600
193.24,2,May 05 2017 01: +0,1493942400
206.791,1,May 06 2017 01: +0,1494028800
212.659,2,May 07 2017 01: +0,1494115200
183.419,5,May 08 2017 01: +0,1494201600
166.89,2,May 12 2017 01: +0,1494547200
180.276,1,May 14 2017 01: +0,1494720000
169.678,1,May 16 2017 01: +0,1494892800
174.277,2,May 17 2017 01: +0,1494979200
177.748,3,May 18 2017 01: +0,1495065600
181.925,1,May 19 2017 01: +0,1495152000
193.795,3,May 20 2017 01: +0,1495238400
190.25,1,May 22 2017 01: +0,1495411200
206.78,2,May 23 2017 01: +0,1495497600
167.23,1,May 24 2017 01: +0,1495584000
206.372,2,May 26 2017 01: +0,1495756800
231.608,1,May 29 2017 01: +0,1496016000
194.002,2,May 30 2017 01: +0,1496102400
175.735,2,Jun 03 2017 01: +0,1496448000
175.669,4,Jun 04 2017 01: +0,1496534400
160.314,1,Jun 05 2017 01: +0,1496620800
228.27,1,Jun 07 2017 01: +0,1496793600
209.743,1,Jun 08 2017 01: +0,1496880000
163.858,1,Jun 09 2017 01: +0,1496966400
179.422,2,Jun 10 2017 01: +0,1497052800
184.638,1,Jun 11 2017 01: +0,1497139200
196.899,1,Jun 14 2017 01: +0,1497398400
172.474,3,Jun 15 2017 01: +0,1497484800
183.638,1,Jun 16 2017 01: +0,1497571200
199.102,2,Jun 19 2017 01: +0,1497830400
175.767,2,Jun 22 2017 01: +0,1498089600
195.091,1,Jun 23 2017 01: +0,1498176000
170.308,2,Jun 24 2017 01: +0,1498262400
184.678,1,Jun 25 2017 01: +0,1498348800
184.678,1,Jun 26 2017 01: +0,1498435200
146.629,1,Jun 27 2017 01: +0,1498521600
183.625,1,Jun 28 2017 01: +0,1498608000
178.215,2,Jun 29 2017 01: +0,1498694400
181.978,1,Jun 30 2017 01: +0,1498780800
190.158,2,Jul 01 2017 01: +0,1498867200
219.969,1,Jul 03 2017 01: +0,1499040000
190.696,1,Jul 05 2017 01: +0,1499212800
234.677,1,Jul 06 2017 01: +0,1499299200
207.157,1,Jul 11 2017 01: +0,1499731200
162.879,1,Jul 12 2017 01: +0,1499817600
182.334,1,Jul 13 2017 01: +0,1499904000
183.695,2,Jul 17 2017 01: +0,1500249600
185.646,31,Jul 21 2017 01: +0,1500595200
173.708,1,Jul 22 2017 01: +0,1500681600
210.107,2,Jul 23 2017 01: +0,1500768000
171.351,1,Jul 25 2017 01: +0,1500940800
197.322,1,Jul 26 2017 01: +0,1501027200
205.752,3,Jul 27 2017 01: +0,1501113600
173.705,1,Jul 28 2017 01: +0,1501200000
234.294,1,Jul 30 2017 01: +0,1501372800
248.952,1,Jul 31 2017 01: +0,1501459200
171.873,1,Aug 01 2017 01: +0,1501545600
198.593,2,Aug 02 2017 01: +0,1501632000
94.966,2,Aug 03 2017 01: +0,1501718400
205.719,2,Aug 05 2017 01: +0,1501891200
211.401,2,Aug 06 2017 01: +0,1501977600
215.23,2,Aug 07 2017 01: +0,1502064000
193.87,2,Aug 08 2017 01: +0,1502150400
215.926,2,Aug 10 2017 01: +0,1502323200
223.569,1,Aug 11 2017 01: +0,1502409600
198.784,2,Aug 13 2017 01: +0,1502582400
210.726,1,Aug 14 2017 01: +0,1502668800
220.632,1,Aug 16 2017 01: +0,1502841600
179.497,1,Aug 17 2017 01: +0,1502928000
168.942,1,Aug 19 2017 01: +0,1503100800
186.205,1,Aug 20 2017 01: +0,1503187200
181.978,1,Aug 21 2017 01: +0,1503273600
211.552,1,Aug 22 2017 01: +0,1503360000
210.929,1,Aug 23 2017 01: +0,1503446400
198.674,2,Aug 25 2017 01: +0,1503619200
206.334,2,Aug 28 2017 01: +0,1503878400
213.002,1,Aug 29 2017 01: +0,1503964800
201.557,1,Sep 01 2017 01: +0,1504224000
209.274,1,Sep 02 2017 01: +0,1504310400
213.35,2,Sep 03 2017 01: +0,1504396800
272.661,1,Sep 04 2017 01: +0,1504483200
179.654,1,Sep 06 2017 01: +0,1504656000
228.408,2,Sep 07 2017 01: +0,1504742400
200.019,1,Sep 08 2017 01: +0,1504828800
216.964,1,Sep 09 2017 01: +0,1504915200
194.039,1,Sep 10 2017 01: +0,1505001600
215.627,1,Sep 11 2017 01: +0,1505088000
247.3,1,Sep 12 2017 01: +0,1505174400
301.263,1,Sep 14 2017 01: +0,1505347200
203.129,2,Sep 16 2017 01: +0,1505520000
226.638,1,Sep 18 2017 01: +0,1505692800
195.215,2,Sep 20 2017 01: +0,1505865600
239.355,1,Sep 21 2017 01: +0,1505952000
222.798,2,Sep 23 2017 01: +0,1506124800
199.486,2,Sep 24 2017 01: +0,1506211200
212.202,1,Sep 25 2017 01: +0,1506297600
206.53,3,Sep 26 2017 01: +0,1506384000
184.262,1,Sep 28 2017 01: +0,1506556800
210.444,3,Sep 30 2017 01: +0,1506729600
234.082,1,Oct 01 2017 01: +0,1506816000
234.719,1,Oct 04 2017 01: +0,1507075200
184.484,1,Oct 05 2017 01: +0,1507161600
184.236,1,Oct 06 2017 01: +0,1507248000
248.141,1,Oct 07 2017 01: +0,1507334400
230.555,2,Oct 08 2017 01: +0,1507420800
187.801,1,Oct 12 2017 01: +0,1507766400
205.585,1,Oct 14 2017 01: +0,1507939200
178.023,2,Oct 16 2017 01: +0,1508112000
179.887,1,Oct 18 2017 01: +0,1508284800
161.712,1,Oct 19 2017 01: +0,1508371200
205.702,2,Oct 20 2017 01: +0,1508457600
202.664,1,Oct 21 2017 01: +0,1508544000
203.654,2,Oct 22 2017 01: +0,1508630400
196.611,2,Oct 23 2017 01: +0,1508716800
212.172,2,Oct 24 2017 01: +0,1508803200
191.697,1,Oct 28 2017 01: +0,1509148800
191.536,3,Oct 29 2017 01: +0,1509235200
201.22,2,Oct 30 2017 01: +0,1509325200
197.695,1,Nov 01 2017 01: +0,1509498000
176.601,3,Nov 04 2017 01: +0,1509757200
176.247,2,Nov 06 2017 01: +0,1509930000
200.44,1,Nov 07 2017 01: +0,1510016400
201.83,1,Nov 08 2017 01: +0,1510102800
213.883,1,Nov 11 2017 01: +0,1510362000
164.456,3,Nov 13 2017 01: +0,1510534800
203.339,2,Nov 14 2017 01: +0,1510621200
206.421,1,Nov 17 2017 01: +0,1510880400
204.797,1,Nov 19 2017 01: +0,1511053200
183.442,1,Nov 20 2017 01: +0,1511139600
169.566,2,Nov 21 2017 01: +0,1511226000
198.468,2,Nov 22 2017 01: +0,1511312400
182.81,2,Nov 25 2017 01: +0,1511571600
164.616,1,Nov 26 2017 01: +0,1511658000
182.194,2,Nov 27 2017 01: +0,1511744400
180.739,1,Nov 28 2017 01: +0,1511830800
164.856,1,Dec 03 2017 01: +0,1512262800
190.25,1,Dec 04 2017 01: +0,1512349200
169.575,2,Dec 05 2017 01: +0,1512435600
199.649,1,Dec 07 2017 01: +0,1512608400
203.643,1,Dec 08 2017 01: +0,1512694800
204.489,2,Dec 10 2017 01: +0,1512867600
204.511,1,Dec 11 2017 01: +0,1512954000
188.042,2,Dec 14 2017 01: +0,1513213200
204.951,1,Dec 16 2017 01: +0,1513386000
168.888,2,Dec 17 2017 01: +0,1513472400
179.231,2,Dec 18 2017 01: +0,1513558800
156.289,1,Dec 20 2017 01: +0,1513731600
213.94,1,Dec 21 2017 01: +0,1513818000
181.362,1,Dec 22 2017 01: +0,1513904400
200.428,1,Dec 23 2017 01: +0,1513990800
176.833,4,Dec 25 2017 01: +0,1514163600
179.386,4,Dec 27 2017 01: +0,1514336400
182.491,2,Dec 29 2017 01: +0,1514509200
188.231,1,Dec 30 2017 01: +0,1514595600
200.151,1,Dec 31 2017 01: +0,1514682000
195.696,3,Jan 02 2018 01: +0,1514854800
199.547,2,Jan 03 2018 01: +0,1514941200
195.0,1,Jan 04 2018 01: +0,1515027600
197.042,3,Jan 05 2018 01: +0,1515114000
183.122,2,Jan 06 2018 01: +0,1515200400
183.081,2,Jan 07 2018 01: +0,1515286800
201.288,3,Jan 08 2018 01: +0,1515373200
185.474,2,Jan 09 2018 01: +0,1515459600
180.689,2,Jan 11 2018 01: +0,1515632400
170.273,1,Jan 12 2018 01: +0,1515718800
198.722,3,Jan 13 2018 01: +0,1515805200
198.348,1,Jan 15 2018 01: +0,1515978000
190.307,2,Jan 16 2018 01: +0,1516064400
211.287,2,Jan 17 2018 01: +0,1516150800
213.791,5,Jan 20 2018 01: +0,1516410000
205.288,2,Jan 21 2018 01: +0,1516496400
212.584,4,Jan 22 2018 01: +0,1516582800
177.842,1,Jan 23 2018 01: +0,1516669200
194.826,3,Jan 25 2018 01: +0,1516842000
229.008,3,Jan 26 2018 01: +0,1516928400
182.172,2,Jan 29 2018 01: +0,1517187600
201.045,3,Jan 30 2018 01: +0,1517274000
186.908,2,Feb 02 2018 01: +0,1517533200
219.878,2,Feb 03 2018 01: +0,1517619600
221.641,1,Feb 04 2018 01: +0,1517706000
219.312,2,Feb 05 2018 01: +0,1517792400
184.481,2,Feb 06 2018 01: +0,1517878800
218.762,1,Feb 07 2018 01: +0,1517965200
216.887,2,Feb 08 2018 01: +0,1518051600
219.588,2,Feb 09 2018 01: +0,1518138000
239.673,1,Feb 10 2018 01: +0,1518224400
184.678,2,Feb 13 2018 01: +0,1518483600
215.775,1,Feb 14 2018 01: +0,1518570000
210.937,1,Feb 17 2018 01: +0,1518829200
160.389,1,Feb 18 2018 01: +0,1518915600
199.709,2,Feb 19 2018 01: +0,1519002000
256.219,2,Feb 21 2018 01: +0,1519174800
260.248,1,Feb 22 2018 01: +0,1519261200
168.007,1,Feb 23 2018 01: +0,1519347600
161.712,1,Feb 26 2018 01: +0,1519606800
219.035,3,Feb 28 2018 01: +0,1519779600
194.722,2,Mar 01 2018 01: +0,1519866000
230.945,1,Mar 02 2018 01: +0,1519952400
195.185,2,Mar 03 2018 01: +0,1520038800
234.078,1,Mar 04 2018 01: +0,1520125200
205.772,3,Mar 05 2018 01: +0,1520211600
220.631,2,Mar 06 2018 01: +0,1520298000
190.447,1,Mar 07 2018 01: +0,1520384400
237.812,1,Mar 08 2018 01: +0,1520470800
215.04,2,Mar 10 2018 01: +0,1520643600
230.358,2,Mar 14 2018 01: +0,1520989200
249.978,3,Mar 15 2018 01: +0,1521075600
263.632,1,Mar 18 2018 01: +0,1521334800
241.407,2,Mar 19 2018 01: +0,1521421200
252.288,1,Mar 21 2018 01: +0,1521594000
280.352,1,Mar 24 2018 01: +0,1521853200
285.463,1,Mar 25 2018 01: +0,1521939600
281.379,1,Mar 26 2018 01: +0,1522022400
199.762,1,Mar 28 2018 01: +0,1522195200
206.247,1,Mar 29 2018 01: +0,1522281600
267.938,1,Mar 30 2018 01: +0,1522368000
191.796,2,Apr 01 2018 01: +0,1522540800
214.843,3,Apr 03 2018 01: +0,1522713600
193.27,3,Apr 08 2018 01: +0,1523145600
227.36,1,Apr 09 2018 01: +0,1523232000
142.626,2,Apr 11 2018 01: +0,1523404800
188.816,3,Apr 12 2018 01: +0,1523491200
189.601,2,Apr 13 2018 01: +0,1523577600
183.829,3,Apr 15 2018 01: +0,1523750400
201.174,2,Apr 16 2018 01: +0,1523836800
159.086,2,Apr 18 2018 01: +0,1524009600
190.25,1,Apr 19 2018 01: +0,1524096000
191.351,1,Apr 20 2018 01: +0,1524182400
194.931,2,Apr 21 2018 01: +0,1524268800
187.127,3,Apr 22 2018 01: +0,1524355200
190.908,3,Apr 23 2018 01: +0,1524441600
205.966,1,Apr 24 2018 01: +0,1524528000
206.882,1,Apr 26 2018 01: +0,1524700800
208.754,1,Apr 27 2018 01: +0,1524787200
213.045,3,Apr 28 2018 01: +0,1524873600
209.76,2,Apr 29 2018 01: +0,1524960000
174.617,1,May 01 2018 01: +0,1525132800
173.93,2,May 04 2018 01: +0,1525392000
216.189,1,May 06 2018 01: +0,1525564800
211.765,1,May 07 2018 01: +0,1525651200
211.041,2,May 09 2018 01: +0,1525824000
195.311,1,May 10 2018 01: +0,1525910400
196.21,1,May 11 2018 01: +0,1525996800
204.518,1,May 12 2018 01: +0,1526083200
205.246,2,May 13 2018 01: +0,1526169600
170.265,2,May 14 2018 01: +0,1526256000
182.706,2,May 15 2018 01: +0,1526342400
198.966,2,May 16 2018 01: +0,1526428800
191.669,3,May 17 2018 01: +0,1526515200
204.663,2,May 18 2018 01: +0,1526601600
196.486,2,May 20 2018 01: +0,1526774400
179.026,1,May 22 2018 01: +0,1526947200
212.872,1,May 23 2018 01: +0,1527033600
217.234,1,May 24 2018 01: +0,1527120000
221.016,3,May 25 2018 01: +0,1527206400
174.526,2,May 27 2018 01: +0,1527379200
170.38,2,May 28 2018 01: +0,1527465600
181.962,1,May 29 2018 01: +0,1527552000
195.2,3,May 30 2018 01: +0,1527638400
205.351,2,Jun 01 2018 01: +0,1527811200
218.738,1,Jun 02 2018 01: +0,1527897600
211.108,2,Jun 03 2018 01: +0,1527984000
206.077,2,Jun 04 2018 01: +0,1528070400
178.769,1,Jun 05 2018 01: +0,1528156800
191.066,1,Jun 08 2018 01: +0,1528416000
192.679,2,Jun 09 2018 01: +0,1528502400
226.933,2,Jun 10 2018 01: +0,1528588800
218.784,1,Jun 11 2018 01: +0,1528675200
181.15,2,Jun 12 2018 01: +0,1528761600
161.389,3,Jun 14 2018 01: +0,1528934400
167.014,1,Jun 15 2018 01: +0,1529020800
171.225,1,Jun 16 2018 01: +0,1529107200
168.113,1,Jun 17 2018 01: +0,1529193600
191.741,1,Jun 19 2018 01: +0,1529366400
153.937,1,Jun 20 2018 01: +0,1529452800
197.597,2,Jun 21 2018 01: +0,1529539200
140.755,1,Jun 22 2018 01: +0,1529625600
189.332,2,Jun 23 2018 01: +0,1529712000
193.958,1,Jun 24 2018 01: +0,1529798400
190.628,1,Jun 25 2018 01: +0,1529884800
164.953,2,Jun 26 2018 01: +0,1529971200
186.267,2,Jun 27 2018 01: +0,1530057600
183.256,2,Jun 28 2018 01: +0,1530144000
184.78,1,Jun 29 2018 01: +0,1530230400
184.645,1,Jun 30 2018 01: +0,1530316800
181.851,1,Jul 01 2018 01: +0,1530403200
170.704,3,Jul 02 2018 01: +0,1530489600
185.603,2,Jul 04 2018 01: +0,1530662400
198.569,2,Jul 05 2018 01: +0,1530748800
193.339,1,Jul 06 2018 01: +0,1530835200
167.826,2,Jul 08 2018 01: +0,1531008000
193.891,3,Jul 09 2018 01: +0,1531094400
161.721,1,Jul 11 2018 01: +0,1531267200
191.522,3,Jul 12 2018 01: +0,1531353600
198.194,1,Jul 13 2018 01: +0,1531440000
191.385,3,Jul 14 2018 01: +0,1531526400
200.912,3,Jul 15 2018 01: +0,1531612800
193.878,3,Jul 16 2018 01: +0,1531699200
180.473,1,Jul 17 2018 01: +0,1531785600
182.629,1,Jul 18 2018 01: +0,1531872000
204.481,2,Jul 19 2018 01: +0,1531958400
169.262,1,Jul 20 2018 01: +0,1532044800
198.521,1,Jul 21 2018 01: +0,1532131200
193.977,2,Jul 22 2018 01: +0,1532217600
153.168,1,Jul 23 2018 01: +0,1532304000
203.508,2,Jul 24 2018 01: +0,1532390400
178.088,3,Jul 25 2018 01: +0,1532476800
206.471,1,Jul 26 2018 01: +0,1532563200
196.697,1,Jul 27 2018 01: +0,1532649600
205.85,1,Jul 28 2018 01: +0,1532736000
186.375,2,Jul 29 2018 01: +0,1532822400
182.037,1,Jul 31 2018 01: +0,1532995200
201.321,2,Aug 02 2018 01: +0,1533168000
198.902,1,Aug 03 2018 01: +0,1533254400
192.321,2,Aug 04 2018 01: +0,1533340800
199.369,2,Aug 05 2018 01: +0,1533427200
205.328,4,Aug 06 2018 01: +0,1533513600
211.481,2,Aug 07 2018 01: +0,1533600000
215.156,4,Aug 08 2018 01: +0,1533686400
215.578,1,Aug 09 2018 01: +0,1533772800
192.608,4,Aug 10 2018 01: +0,1533859200
214.231,2,Aug 11 2018 01: +0,1533945600
215.492,3,Aug 12 2018 01: +0,1534032000
170.001,1,Aug 14 2018 01: +0,1534204800
200.15,2,Aug 15 2018 01: +0,1534291200
142.686,1,Aug 16 2018 01: +0,1534377600
184.873,2,Aug 17 2018 01: +0,1534464000
184.621,2,Aug 19 2018 01: +0,1534636800
200.181,1,Aug 20 2018 01: +0,1534723200
208.809,1,Aug 21 2018 01: +0,1534809600
188.839,2,Aug 22 2018 01: +0,1534896000
206.387,2,Aug 25 2018 01: +0,1535155200
208.076,2,Aug 26 2018 01: +0,1535241600
207.742,1,Aug 27 2018 01: +0,1535328000
199.763,1,Aug 30 2018 01: +0,1535587200
206.376,2,Aug 31 2018 01: +0,1535673600
211.39,1,Sep 01 2018 01: +0,1535760000
184.946,2,Sep 02 2018 01: +0,1535846400
211.678,3,Sep 03 2018 01: +0,1535932800
203.693,2,Sep 04 2018 01: +0,1536019200
207.375,5,Sep 05 2018 01: +0,1536105600
216.223,1,Sep 06 2018 01: +0,1536192000
210.517,2,Sep 07 2018 01: +0,1536278400
239.214,2,Sep 09 2018 01: +0,1536451200
224.991,1,Sep 10 2018 01: +0,1536537600
203.968,2,Sep 11 2018 01: +0,1536624000
202.827,4,Sep 13 2018 01: +0,1536796800
223.324,1,Sep 14 2018 01: +0,1536883200
221.597,2,Sep 15 2018 01: +0,1536969600
204.81,2,Sep 16 2018 01: +0,1537056000
203.825,3,Sep 17 2018 01: +0,1537142400
233.578,3,Sep 18 2018 01: +0,1537228800
223.735,3,Sep 21 2018 01: +0,1537488000
215.824,2,Sep 22 2018 01: +0,1537574400
212.687,2,Sep 23 2018 01: +0,1537660800
229.138,3,Sep 24 2018 01: +0,1537747200
229.415,3,Sep 25 2018 01: +0,1537833600
229.699,2,Sep 26 2018 01: +0,1537920000
244.842,3,Sep 27 2018 01: +0,1538006400
243.326,2,Sep 28 2018 01: +0,1538092800
240.416,4,Sep 29 2018 01: +0,1538179200
239.896,1,Sep 30 2018 01: +0,1538265600
241.078,3,Oct 01 2018 01: +0,1538352000
213.485,1,Oct 02 2018 01: +0,1538438400
251.707,1,Oct 03 2018 01: +0,1538524800
267.13,2,Oct 04 2018 01: +0,1538611200
276.028,1,Oct 05 2018 01: +0,1538697600
270.651,1,Oct 07 2018 01: +0,1538870400
219.201,1,Oct 10 2018 01: +0,1539129600
248.665,1,Oct 11 2018 01: +0,1539216000
234.708,3,Oct 12 2018 01: +0,1539302400
248.476,3,Oct 13 2018 01: +0,1539388800
242.264,1,Oct 16 2018 01: +0,1539648000
223.577,1,Oct 17 2018 01: +0,1539734400
237.03,2,Oct 19 2018 01: +0,1539907200
228.69,2,Oct 20 2018 01: +0,1539993600
189.282,1,Oct 21 2018 01: +0,1540080000
222.981,1,Oct 22 2018 01: +0,1540166400
217.658,2,Oct 23 2018 01: +0,1540252800
244.989,1,Oct 25 2018 01: +0,1540425600
202.657,1,Oct 26 2018 01: +0,1540512000
207.541,2,Oct 27 2018 01: +0,1540598400
233.775,2,Oct 28 2018 01: +0,1540684800
236.944,2,Nov 01 2018 01: +0,1541034000
216.516,1,Nov 02 2018 01: +0,1541120400
232.974,1,Nov 03 2018 01: +0,1541206800
232.779,2,Nov 04 2018 01: +0,1541293200
243.726,2,Nov 06 2018 01: +0,1541466000
209.602,3,Nov 09 2018 01: +0,1541725200
233.842,1,Nov 10 2018 01: +0,1541811600
221.113,1,Nov 11 2018 01: +0,1541898000
289.282,1,Nov 12 2018 01: +0,1541984400
232.936,2,Nov 13 2018 01: +0,1542070800
243.788,1,Nov 14 2018 01: +0,1542157200
241.733,1,Nov 17 2018 01: +0,1542416400
225.34,2,Nov 18 2018 01: +0,1542502800
240.108,1,Nov 21 2018 01: +0,1542762000
232.77,2,Nov 22 2018 01: +0,1542848400
208.081,2,Nov 23 2018 01: +0,1542934800
199.327,1,Nov 24 2018 01: +0,1543021200
218.392,1,Nov 26 2018 01: +0,1543194000
190.246,1,Nov 28 2018 01: +0,1543366800
230.344,2,Nov 29 2018 01: +0,1543453200
247.455,1,Nov 30 2018 01: +0,1543539600
215.381,4,Dec 01 2018 01: +0,1543626000
219.312,3,Dec 02 2018 01: +0,1543712400
231.436,2,Dec 05 2018 01: +0,1543971600
212.643,2,Dec 06 2018 01: +0,1544058000
254.959,1,Dec 07 2018 01: +0,1544144400
260.223,2,Dec 08 2018 01: +0,1544230800
229.3,2,Dec 10 2018 01: +0,1544403600
197.099,1,Dec 11 2018 01: +0,1544490000
196.908,1,Dec 12 2018 01: +0,1544576400
248.083,1,Dec 13 2018 01: +0,1544662800
198.621,1,Dec 14 2018 01: +0,1544749200
206.03,3,Dec 16 2018 01: +0,1544922000
223.198,1,Dec 17 2018 01: +0,1545008400
223.343,1,Dec 18 2018 01: +0,1545094800
197.813,1,Dec 19 2018 01: +0,1545181200
235.074,2,Dec 20 2018 01: +0,1545267600
242.734,2,Dec 21 2018 01: +0,1545354000
231.592,1,Dec 23 2018 01: +0,1545526800
231.608,1,Dec 24 2018 01: +0,1545613200
210.516,3,Dec 25 2018 01: +0,1545699600
219.114,6,Dec 26 2018 01: +0,1545786000
213.681,2,Dec 27 2018 01: +0,1545872400
197.095,1,Dec 28 2018 01: +0,1545958800
225.156,3,Dec 29 2018 01: +0,1546045200
231.541,1,Jan 02 2019 01: +0,1546390800
243.886,2,Jan 04 2019 01: +0,1546563600
229.552,3,Jan 06 2019 01: +0,1546736400
228.661,2,Jan 07 2019 01: +0,1546822800
243.196,1,Jan 08 2019 01: +0,1546909200
211.739,2,Jan 10 2019 01: +0,1547082000
209.563,1,Jan 11 2019 01: +0,1547168400
258.773,1,Jan 12 2019 01: +0,1547254800
260.104,1,Jan 13 2019 01: +0,1547341200
207.838,1,Jan 14 2019 01: +0,1547427600
233.477,2,Jan 16 2019 01: +0,1547600400
199.848,1,Jan 17 2019 01: +0,1547686800
253.487,2,Jan 18 2019 01: +0,1547773200
208.59,2,Jan 19 2019 01: +0,1547859600
234.689,1,Jan 21 2019 01: +0,1548032400
234.908,2,Jan 22 2019 01: +0,1548118800
241.477,2,Jan 23 2019 01: +0,1548205200
227.755,4,Jan 24 2019 01: +0,1548291600
218.707,3,Jan 26 2019 01: +0,1548464400
216.174,1,Jan 27 2019 01: +0,1548550800
240.175,4,Jan 28 2019 01: +0,1548637200
223.336,1,Jan 29 2019 01: +0,1548723600
249.467,3,Jan 30 2019 01: +0,1548810000
262.073,1,Feb 01 2019 01: +0,1548982800
251.853,1,Feb 02 2019 01: +0,1549069200
237.809,2,Feb 03 2019 01: +0,1549155600
219.847,2,Feb 04 2019 01: +0,1549242000
220.25,1,Feb 05 2019 01: +0,1549328400
257.467,2,Feb 06 2019 01: +0,1549414800
234.491,2,Feb 07 2019 01: +0,1549501200
260.357,1,Feb 08 2019 01: +0,1549587600
248.161,1,Feb 09 2019 01: +0,1549674000
242.569,1,Feb 10 2019 01: +0,1549760400
264.295,1,Feb 12 2019 01: +0,1549933200
255.211,2,Feb 13 2019 01: +0,1550019600
233.461,1,Feb 14 2019 01: +0,1550106000
261.199,3,Feb 16 2019 01: +0,1550278800
257.566,3,Feb 18 2019 01: +0,1550451600
256.828,1,Feb 21 2019 01: +0,1550710800
269.206,1,Feb 22 2019 01: +0,1550797200
269.86,1,Feb 24 2019 01: +0,1550970000
250.121,2,Feb 25 2019 01: +0,1551056400
234.186,1,Feb 26 2019 01: +0,1551142800
284.374,1,Feb 28 2019 01: +0,1551315600
271.15,1,Mar 01 2019 01: +0,1551402000
254.182,1,Mar 02 2019 01: +0,1551488400
262.619,2,Mar 03 2019 01: +0,1551574800
264.705,1,Mar 04 2019 01: +0,1551661200
250.08,1,Mar 07 2019 01: +0,1551920400
257.6,1,Mar 08 2019 01: +0,1552006800
267.256,3,Mar 09 2019 01: +0,1552093200
260.242,1,Mar 11 2019 01: +0,1552266000
278.675,1,Mar 12 2019 01: +0,1552352400
243.594,1,Mar 13 2019 01: +0,1552438800
257.464,2,Mar 14 2019 01: +0,1552525200
275.449,1,Mar 15 2019 01: +0,1552611600
242.826,2,Mar 17 2019 01: +0,1552784400
233.76,1,Mar 18 2019 01: +0,1552870800
252.942,2,Mar 19 2019 01: +0,1552957200
262.164,2,Mar 22 2019 01: +0,1553216400
284.876,1,Mar 23 2019 01: +0,1553302800
286.797,1,Mar 24 2019 01: +0,1553389200
243.168,1,Mar 25 2019 01: +0,1553475600
273.595,2,Mar 26 2019 01: +0,1553562000
259.744,1,Mar 28 2019 01: +0,1553734800
273.993,1,Mar 29 2019 01: +0,1553821200
310.297,1,Mar 30 2019 01: +0,1553907600
289.304,1,Apr 01 2019 01: +0,1554076800
287.633,1,Apr 02 2019 01: +0,1554163200
268.803,2,Apr 03 2019 01: +0,1554249600
252.362,1,Apr 05 2019 01: +0,1554422400
290.017,1,Apr 10 2019 01: +0,1554854400
267.883,2,Apr 12 2019 01: +0,1555027200
270.9,4,Apr 13 2019 01: +0,1555113600
285.375,1,Apr 14 2019 01: +0,1555200000
243.386,1,Apr 16 2019 01: +0,1555372800
277.132,5,Apr 18 2019 01: +0,1555545600
243.624,1,Apr 19 2019 01: +0,1555632000
252.179,5,Apr 23 2019 01: +0,1555977600
277.936,1,Apr 24 2019 01: +0,1556064000
280.478,1,Apr 27 2019 01: +0,1556323200
276.462,1,Apr 29 2019 01: +0,1556496000
281.909,1,Apr 30 2019 01: +0,1556582400
282.574,1,May 01 2019 01: +0,1556668800
277.099,2,May 02 2019 01: +0,1556755200
264.178,2,May 06 2019 01: +0,1557100800
269.121,2,May 08 2019 01: +0,1557273600
337.345,1,May 10 2019 01: +0,1557446400
288.932,2,May 15 2019 01: +0,1557878400
286.801,2,May 16 2019 01: +0,1557964800
294.023,1,May 18 2019 01: +0,1558137600
290.301,6,May 20 2019 01: +0,1558310400
274.792,1,May 21 2019 01: +0,1558396800
261.483,1,May 22 2019 01: +0,1558483200
273.008,1,May 23 2019 01: +0,1558569600
297.742,1,May 24 2019 01: +0,1558656000
315.269,1,May 27 2019 01: +0,1558915200
307.825,1,May 28 2019 01: +0,1559001600
290.128,1,May 29 2019 01: +0,1559088000
307.51,1,May 30 2019 01: +0,1559174400
318.677,1,May 31 2019 01: +0,1559260800
270.348,2,Jun 01 2019 01: +0,1559347200
276.86,1,Jun 02 2019 01: +0,1559433600
323.633,3,Jun 04 2019 01: +0,1559606400
326.62,3,Jun 06 2019 01: +0,1559779200
322.068,2,Jun 07 2019 01: +0,1559865600
327.78,1,Jun 08 2019 01: +0,1559952000
330.125,1,Jun 10 2019 01: +0,1560124800
329.949,3,Jun 14 2019 01: +0,1560470400
308.273,4,Jun 15 2019 01: +0,1560556800
309.44,3,Jun 18 2019 01: +0,1560816000
313.892,1,Jun 22 2019 01: +0,1561161600
299.632,1,Jun 23 2019 01: +0,1561248000
298.097,3,Jun 24 2019 01: +0,1561334400
306.956,3,Jun 26 2019 01: +0,1561507200
323.803,1,Jun 27 2019 01: +0,1561593600
298.625,3,Jun 29 2019 01: +0,1561766400
327.329,1,Jun 30 2019 01: +0,1561852800
298.247,3,Jul 01 2019 01: +0,1561939200
327.932,1,Jul 02 2019 01: +0,1562025600
333.144,1,Jul 03 2019 01: +0,1562112000
288.053,1,Jul 05 2019 01: +0,1562284800
288.448,2,Jul 06 2019 01: +0,1562371200
306.39,2,Jul 07 2019 01: +0,1562457600
312.789,3,Jul 08 2019 01: +0,1562544000
339.148,1,Jul 09 2019 01: +0,1562630400
294.503,2,Jul 10 2019 01: +0,1562716800
332.548,1,Jul 11 2019 01: +0,1562803200
322.998,2,Jul 12 2019 01: +0,1562889600
293.256,2,Jul 13 2019 01: +0,1562976000
339.008,2,Jul 14 2019 01: +0,1563062400
301.915,1,Jul 15 2019 01: +0,1563148800
299.249,1,Jul 16 2019 01: +0,1563235200
294.887,1,Jul 18 2019 01: +0,1563408000
339.805,2,Jul 19 2019 01: +0,1563494400
342.116,2,Jul 20 2019 01: +0,1563580800
343.459,1,Jul 21 2019 01: +0,1563667200
462.906,3,Jul 22 2019 01: +0,1563753600
318.468,1,Jul 24 2019 01: +0,1563926400
345.332,1,Jul 25 2019 01: +0,1564012800
313.015,1,Jul 26 2019 01: +0,1564099200
389.973,1,Jul 27 2019 01: +0,1564185600
382.863,2,Jul 28 2019 01: +0,1564272000
376.0,1,Jul 29 2019 01: +0,1564358400
344.976,3,Jul 30 2019 01: +0,1564444800
307.516,1,Aug 02 2019 01: +0,1564704000
389.342,1,Aug 03 2019 01: +0,1564790400
338.568,3,Aug 04 2019 01: +0,1564876800
214.914,2,Aug 05 2019 01: +0,1564963200
326.932,1,Aug 07 2019 01: +0,1565136000
362.896,1,Aug 10 2019 01: +0,1565395200
339.745,3,Aug 12 2019 01: +0,1565568000
327.864,3,Aug 13 2019 01: +0,1565654400
376.714,1,Aug 17 2019 01: +0,1566000000
314.744,2,Aug 21 2019 01: +0,1566345600
343.623,3,Aug 23 2019 01: +0,1566518400
345.766,2,Aug 24 2019 01: +0,1566604800
259.547,2,Aug 25 2019 01: +0,1566691200
333.684,5,Aug 26 2019 01: +0,1566777600
360.511,3,Aug 28 2019 01: +0,1566950400
334.545,1,Aug 29 2019 01: +0,1567036800
335.298,1,Aug 30 2019 01: +0,1567123200
378.188,2,Aug 31 2019 01: +0,1567209600
358.242,3,Sep 02 2019 01: +0,1567382400
377.727,3,Sep 03 2019 01: +0,1567468800
323.424,1,Sep 04 2019 01: +0,1567555200
394.785,1,Sep 05 2019 01: +0,1567641600
405.376,1,Sep 06 2019 01: +0,1567728000
381.285,1,Sep 08 2019 01: +0,1567900800
340.279,1,Sep 11 2019 01: +0,1568160000
383.079,2,Sep 12 2019 01: +0,1568246400
376.74,1,Sep 14 2019 01: +0,1568419200
347.646,1,Sep 16 2019 01: +0,1568592000
400.782,1,Sep 17 2019 01: +0,1568678400
459.91,1,Sep 18 2019 01: +0,1568764800
346.057,1,Sep 21 2019 01: +0,1569024000
336.874,1,Sep 22 2019 01: +0,1569110400
399.649,1,Sep 23 2019 01: +0,1569196800
340.66,2,Sep 26 2019 01: +0,1569456000
423.448,1,Sep 27 2019 01: +0,1569542400
380.499,1,Sep 29 2019 01: +0,1569715200
326.737,1,Oct 01 2019 01: +0,1569888000
388.659,3,Oct 02 2019 01: +0,1569974400
391.914,1,Oct 04 2019 01: +0,1570147200
420.445,1,Oct 05 2019 01: +0,1570233600
334.647,2,Oct 07 2019 01: +0,1570406400
331.98,1,Oct 09 2019 01: +0,1570579200
335.019,1,Oct 11 2019 01: +0,1570752000
389.211,2,Oct 12 2019 01: +0,1570838400
396.264,2,Oct 13 2019 01: +0,1570924800
353.476,2,Oct 19 2019 01: +0,1571443200
321.833,1,Oct 21 2019 01: +0,1571616000
373.318,7,Oct 24 2019 01: +0,1571875200
176.474,2,Oct 25 2019 01: +0,1571961600
321.036,1,Oct 26 2019 01: +0,1572048000
342.311,2,Oct 31 2019 01: +0,1572483600
312.109,1,Nov 01 2019 01: +0,1572570000
339.367,2,Nov 02 2019 01: +0,1572656400
366.692,1,Nov 03 2019 01: +0,1572742800
373.89,1,Nov 06 2019 01: +0,1573002000
370.199,1,Nov 07 2019 01: +0,1573088400
360.425,2,Nov 10 2019 01: +0,1573347600
349.178,3,Nov 11 2019 01: +0,1573434000
339.747,1,Nov 12 2019 01: +0,1573520400
361.314,1,Nov 13 2019 01: +0,1573606800
355.458,2,Nov 14 2019 01: +0,1573693200
422.934,1,Nov 15 2019 01: +0,1573779600
349.093,2,Nov 19 2019 01: +0,1574125200
376.178,1,Nov 20 2019 01: +0,1574211600
295.864,2,Nov 21 2019 01: +0,1574298000
211.319,1,Nov 23 2019 01: +0,1574470800
223.335,1,Nov 24 2019 01: +0,1574557200
304.58,2,Nov 25 2019 01: +0,1574643600
297.854,2,Nov 27 2019 01: +0,1574816400
276.193,1,Nov 28 2019 01: +0,1574902800
330.055,1,Nov 29 2019 01: +0,1574989200
333.319,2,Dec 01 2019 01: +0,1575162000
328.978,1,Dec 02 2019 01: +0,1575248400
310.423,1,Dec 03 2019 01: +0,1575334800
316.797,4,Dec 04 2019 01: +0,1575421200
294.723,2,Dec 05 2019 01: +0,1575507600
317.091,2,Dec 06 2019 01: +0,1575594000
309.453,3,Dec 07 2019 01: +0,1575680400
325.388,3,Dec 08 2019 01: +0,1575766800
321.869,5,Dec 10 2019 01: +0,1575939600
336.179,4,Dec 12 2019 01: +0,1576112400
347.851,3,Dec 13 2019 01: +0,1576198800
379.996,1,Dec 14 2019 01: +0,1576285200
329.556,2,Dec 15 2019 01: +0,1576371600
285.375,1,Dec 19 2019 01: +0,1576717200
338.407,2,Dec 20 2019 01: +0,1576803600
336.097,2,Dec 21 2019 01: +0,1576890000
366.156,1,Dec 23 2019 01: +0,1577062800
371.22,1,Dec 24 2019 01: +0,1577149200
377.31,1,Dec 25 2019 01: +0,1577235600
379.123,1,Dec 26 2019 01: +0,1577322000
330.787,2,Dec 27 2019 01: +0,1577408400
373.984,2,Dec 29 2019 01: +0,1577581200
379.85,1,Dec 30 2019 01: +0,1577667600
356.05,3,Jan 01 2020 01: +0,1577840400
373.199,1,Jan 02 2020 01: +0,1577926800
386.172,1,Jan 03 2020 01: +0,1578013200
372.873,1,Jan 04 2020 01: +0,1578099600
325.581,1,Jan 05 2020 01: +0,1578186000
330.68,2,Jan 06 2020 01: +0,1578272400
366.224,1,Jan 07 2020 01: +0,1578358800
367.993,1,Jan 08 2020 01: +0,1578445200
362.731,4,Jan 11 2020 01: +0,1578704400
359.405,2,Jan 12 2020 01: +0,1578790800
346.587,2,Jan 13 2020 01: +0,1578877200
346.08,1,Jan 14 2020 01: +0,1578963600
387.475,2,Jan 15 2020 01: +0,1579050000
388.349,1,Jan 17 2020 01: +0,1579222800
441.926,1,Jan 18 2020 01: +0,1579309200
350.175,1,Jan 19 2020 01: +0,1579395600
383.472,2,Jan 20 2020 01: +0,1579482000
392.107,1,Jan 22 2020 01: +0,1579654800
408.0,1,Jan 24 2020 01: +0,1579827600
376.415,2,Jan 25 2020 01: +0,1579914000
321.041,1,Jan 26 2020 01: +0,1580000400
307.419,1,Jan 27 2020 01: +0,1580086800
341.707,3,Jan 28 2020 01: +0,1580173200
372.233,1,Jan 29 2020 01: +0,1580259600
406.125,1,Jan 30 2020 01: +0,1580346000
364.525,1,Jan 31 2020 01: +0,1580432400
378.812,1,Feb 02 2020 01: +0,1580605200
336.814,2,Feb 03 2020 01: +0,1580691600
306.178,1,Feb 04 2020 01: +0,1580778000
330.87,2,Feb 05 2020 01: +0,1580864400
367.146,1,Feb 06 2020 01: +0,1580950800
374.912,1,Feb 07 2020 01: +0,1581037200
365.065,3,Feb 08 2020 01: +0,1581123600
394.768,1,Feb 09 2020 01: +0,1581210000
374.535,2,Feb 11 2020 01: +0,1581382800
390.895,2,Feb 12 2020 01: +0,1581469200
406.419,2,Feb 13 2020 01: +0,1581555600
402.717,1,Feb 14 2020 01: +0,1581642000
353.692,1,Feb 15 2020 01: +0,1581728400
358.597,2,Feb 16 2020 01: +0,1581814800
404.393,1,Feb 18 2020 01: +0,1581987600
382.208,2,Feb 19 2020 01: +0,1582074000
347.443,1,Feb 20 2020 01: +0,1582160400
348.182,1,Feb 21 2020 01: +0,1582246800
357.839,2,Feb 22 2020 01: +0,1582333200
384.797,1,Feb 23 2020 01: +0,1582419600
320.432,2,Feb 25 2020 01: +0,1582592400
368.357,1,Feb 27 2020 01: +0,1582765200
349.438,4,Feb 28 2020 01: +0,1582851600
356.808,3,Mar 01 2020 01: +0,1583024400
350.977,4,Mar 02 2020 01: +0,1583110800
353.468,2,Mar 03 2020 01: +0,1583197200
348.231,7,Mar 04 2020 01: +0,1583283600
374.077,2,Mar 06 2020 01: +0,1583456400
357.95,2,Mar 07 2020 01: +0,1583542800
366.973,4,Mar 10 2020 01: +0,1583802000
380.276,1,Mar 11 2020 01: +0,1583888400
379.959,2,Mar 12 2020 01: +0,1583974800
355.017,3,Mar 13 2020 01: +0,1584061200
365.687,2,Mar 14 2020 01: +0,1584147600
381.959,1,Mar 15 2020 01: +0,1584234000
361.485,2,Mar 16 2020 01: +0,1584320400
288.419,1,Mar 20 2020 01: +0,1584666000
361.395,3,Mar 21 2020 01: +0,1584752400
348.359,1,Mar 22 2020 01: +0,1584838800
346.239,3,Mar 23 2020 01: +0,1584925200
471.174,1,Mar 24 2020 01: +0,1585011600
366.753,1,Mar 25 2020 01: +0,1585098000
300.088,1,Mar 26 2020 01: +0,1585184400
342.048,2,Mar 27 2020 01: +0,1585270800
375.364,1,Mar 28 2020 01: +0,1585357200
449.245,1,Mar 29 2020 01: +0,1585443600
305.785,1,Mar 31 2020 01: +0,1585612800
297.357,3,Apr 01 2020 01: +0,1585699200
314.256,1,Apr 02 2020 01: +0,1585785600
364.188,1,Apr 03 2020 01: +0,1585872000
371.464,2,Apr 04 2020 01: +0,1585958400
360.835,2,Apr 05 2020 01: +0,1586044800
318.782,1,Apr 06 2020 01: +0,1586131200
325.77,3,Apr 07 2020 01: +0,1586217600
353.89,3,Apr 08 2020 01: +0,1586304000
335.403,3,Apr 09 2020 01: +0,1586390400
381.285,2,Apr 10 2020 01: +0,1586476800
381.699,1,Apr 11 2020 01: +0,1586563200
316.641,2,Apr 12 2020 01: +0,1586649600
351.472,3,Apr 13 2020 01: +0,1586736000
358.948,5,Apr 14 2020 01: +0,1586822400
418.372,2,Apr 15 2020 01: +0,1586908800
372.989,1,Apr 17 2020 01: +0,1587081600
366.017,4,Apr 18 2020 01: +0,1587168000
413.599,2,Apr 20 2020 01: +0,1587340800
293.102,2,Apr 22 2020 01: +0,1587513600
342.381,4,Apr 25 2020 01: +0,1587772800
386.311,3,Apr 26 2020 01: +0,1587859200
304.486,2,Apr 27 2020 01: +0,1587945600
399.023,2,Apr 28 2020 01: +0,1588032000
367.551,4,Apr 29 2020 01: +0,1588118400
395.705,3,Apr 30 2020 01: +0,1588204800
450.892,1,May 01 2020 01: +0,1588291200
381.866,2,May 02 2020 01: +0,1588377600
372.654,6,May 03 2020 01: +0,1588464000
392.058,2,May 05 2020 01: +0,1588636800
376.252,2,May 06 2020 01: +0,1588723200
400.095,1,May 07 2020 01: +0,1588809600
354.316,1,May 08 2020 01: +0,1588896000
329.244,2,May 09 2020 01: +0,1588982400
390.206,2,May 10 2020 01: +0,1589068800
385.415,3,May 11 2020 01: +0,1589155200
365.764,2,May 12 2020 01: +0,1589241600
401.777,3,May 13 2020 01: +0,1589328000
429.381,1,May 14 2020 01: +0,1589414400
371.206,1,May 17 2020 01: +0,1589673600
383.61,1,May 18 2020 01: +0,1589760000
421.191,2,May 19 2020 01: +0,1589846400
395.905,2,May 20 2020 01: +0,1589932800
445.487,1,May 21 2020 01: +0,1590019200
353.37,1,May 22 2020 01: +0,1590105600
438.162,2,May 24 2020 01: +0,1590278400
446.813,2,May 25 2020 01: +0,1590364800
360.701,3,May 26 2020 01: +0,1590451200
413.291,3,May 27 2020 01: +0,1590537600
413.247,1,May 28 2020 01: +0,1590624000
366.03,2,May 29 2020 01: +0,1590710400
397.042,1,May 30 2020 01: +0,1590796800
367.606,2,May 31 2020 01: +0,1590883200
344.855,6,Jun 01 2020 01: +0,1590969600
368.076,3,Jun 02 2020 01: +0,1591056000
366.991,2,Jun 03 2020 01: +0,1591142400
407.405,2,Jun 04 2020 01: +0,1591228800
383.495,4,Jun 05 2020 01: +0,1591315200
411.196,1,Jun 06 2020 01: +0,1591401600
374.041,1,Jun 07 2020 01: +0,1591488000
399.874,5,Jun 08 2020 01: +0,1591574400
432.942,1,Jun 09 2020 01: +0,1591660800
427.233,2,Jun 10 2020 01: +0,1591747200
400.473,3,Jun 11 2020 01: +0,1591833600
367.157,1,Jun 12 2020 01: +0,1591920000
380.5,1,Jun 13 2020 01: +0,1592006400
354.519,2,Jun 14 2020 01: +0,1592092800
403.591,2,Jun 15 2020 01: +0,1592179200
350.657,1,Jun 16 2020 01: +0,1592265600
404.49,2,Jun 17 2020 01: +0,1592352000
427.582,1,Jun 18 2020 01: +0,1592438400
426.991,2,Jun 19 2020 01: +0,1592524800
435.084,3,Jun 21 2020 01: +0,1592697600
367.31,1,Jun 22 2020 01: +0,1592784000
433.504,1,Jun 26 2020 01: +0,1593129600
370.396,1,Jun 28 2020 01: +0,1593302400
387.652,1,Jul 04 2020 01: +0,1593820800
435.151,2,Jul 05 2020 01: +0,1593907200
426.987,1,Jul 06 2020 01: +0,1593993600
362.187,2,Jul 08 2020 01: +0,1594166400
442.657,2,Jul 09 2020 01: +0,1594252800
442.157,1,Jul 11 2020 01: +0,1594425600
388.676,4,Jul 12 2020 01: +0,1594512000
442.196,1,Jul 13 2020 01: +0,1594598400
442.372,1,Jul 14 2020 01: +0,1594684800
399.895,1,Jul 15 2020 01: +0,1594771200
434.189,1,Jul 16 2020 01: +0,1594857600
424.042,3,Jul 21 2020 01: +0,1595289600
400.07,1,Jul 22 2020 01: +0,1595376000
439.257,1,Jul 24 2020 01: +0,1595548800
411.947,3,Jul 26 2020 01: +0,1595721600
452.24,1,Jul 27 2020 01: +0,1595808000
433.009,3,Jul 28 2020 01: +0,1595894400
398.611,1,Jul 29 2020 01: +0,1595980800
422.042,3,Jul 30 2020 01: +0,1596067200
449.382,2,Aug 01 2020 01: +0,1596240000
412.066,2,Aug 04 2020 01: +0,1596499200
445.019,1,Aug 05 2020 01: +0,1596585600
451.347,1,Aug 06 2020 01: +0,1596672000
413.584,1,Aug 07 2020 01: +0,1596758400
427.911,2,Aug 09 2020 01: +0,1596931200
410.978,2,Aug 10 2020 01: +0,1597017600
426.016,2,Aug 11 2020 01: +0,1597104000
383.553,1,Aug 15 2020 01: +0,1597449600
426.661,3,Aug 17 2020 01: +0,1597622400
462.091,2,Aug 18 2020 01: +0,1597708800
396.075,1,Aug 19 2020 01: +0,1597795200
427.806,1,Aug 20 2020 01: +0,1597881600
392.738,1,Aug 21 2020 01: +0,1597968000
481.348,1,Aug 22 2020 01: +0,1598054400
382.13,2,Aug 24 2020 01: +0,1598227200
469.835,2,Aug 25 2020 01: +0,1598313600
391.197,1,Aug 26 2020 01: +0,1598400000
463.851,1,Aug 27 2020 01: +0,1598486400
387.313,2,Aug 28 2020 01: +0,1598572800
384.227,1,Aug 29 2020 01: +0,1598659200
470.959,1,Aug 30 2020 01: +0,1598745600
364.162,2,Sep 01 2020 01: +0,1598918400
422.95,1,Sep 02 2020 01: +0,1599004800
438.5,2,Sep 03 2020 01: +0,1599091200
423.573,4,Sep 04 2020 01: +0,1599177600
458.262,1,Sep 05 2020 01: +0,1599264000
414.893,1,Sep 07 2020 01: +0,1599436800
373.014,1,Sep 08 2020 01: +0,1599523200
395.387,2,Sep 09 2020 01: +0,1599609600
469.966,1,Sep 12 2020 01: +0,1599868800
431.802,1,Sep 15 2020 01: +0,1600128000
399.599,1,Sep 17 2020 01: +0,1600300800
436.667,2,Sep 18 2020 01: +0,1600387200
437.65,3,Sep 21 2020 01: +0,1600646400
450.166,1,Sep 22 2020 01: +0,1600732800
454.745,1,Sep 24 2020 01: +0,1600905600
428.334,2,Sep 25 2020 01: +0,1600992000
470.992,2,Sep 26 2020 01: +0,1601078400
448.501,1,Sep 27 2020 01: +0,1601164800
391.6,1,Sep 28 2020 01: +0,1601251200
414.748,1,Sep 29 2020 01: +0,1601337600
404.124,2,Sep 30 2020 01: +0,1601424000
442.174,1,Oct 01 2020 01: +0,1601510400
418.559,4,Oct 03 2020 01: +0,1601683200
422.734,1,Oct 05 2020 01: +0,1601856000
380.5,1,Oct 06 2020 01: +0,1601942400
410.209,2,Oct 07 2020 01: +0,1602028800
476.569,1,Oct 08 2020 01: +0,1602115200
451.166,2,Oct 09 2020 01: +0,1602201600
402.415,2,Oct 10 2020 01: +0,1602288000
475.634,2,Oct 12 2020 01: +0,1602460800
447.633,2,Oct 14 2020 01: +0,1602633600
428.061,1,Oct 15 2020 01: +0,1602720000
448.79,2,Oct 16 2020 01: +0,1602806400
489.561,1,Oct 18 2020 01: +0,1602979200
490.844,1,Oct 19 2020 01: +0,1603065600
426.383,1,Oct 21 2020 01: +0,1603238400
475.623,1,Oct 23 2020 01: +0,1603411200
478.759,1,Oct 24 2020 01: +0,1603497600
423.719,2,Oct 27 2020 01: +0,1603760400
421.502,1,Oct 29 2020 01: +0,1603933200
454.956,1,Oct 30 2020 01: +0,1604019600
414.112,4,Nov 01 2020 01: +0,1604192400
454.937,1,Nov 03 2020 01: +0,1604365200
410.236,1,Nov 04 2020 01: +0,1604451600
523.166,2,Nov 05 2020 01: +0,1604538000
456.016,2,Nov 06 2020 01: +0,1604624400
417.813,1,Nov 09 2020 01: +0,1604883600
417.234,1,Nov 10 2020 01: +0,1604970000
477.659,1,Nov 11 2020 01: +0,1605056400
561.232,1,Nov 13 2020 01: +0,1605229200
467.027,2,Nov 18 2020 01: +0,1605661200
490.613,1,Nov 21 2020 01: +0,1605920400
490.679,1,Nov 23 2020 01: +0,1606093200
493.774,1,Nov 25 2020 01: +0,1606266000
496.279,1,Nov 26 2020 01: +0,1606352400
502.48,3,Nov 27 2020 01: +0,1606438800
419.363,1,Nov 28 2020 01: +0,1606525200
493.359,1,Nov 29 2020 01: +0,1606611600
514.775,1,Nov 30 2020 01: +0,1606698000
469.676,1,Dec 02 2020 01: +0,1606870800
405.036,2,Dec 04 2020 01: +0,1607043600
441.878,1,Dec 05 2020 01: +0,1607130000
428.646,4,Dec 06 2020 01: +0,1607216400
475.73,2,Dec 07 2020 01: +0,1607302800
496.54,1,Dec 08 2020 01: +0,1607389200
471.158,1,Dec 10 2020 01: +0,1607562000
481.009,1,Dec 12 2020 01: +0,1607734800
479.591,1,Dec 13 2020 01: +0,1607821200
380.839,1,Dec 14 2020 01: +0,1607907600
373.597,1,Dec 16 2020 01: +0,1608080400
442.181,1,Dec 19 2020 01: +0,1608339600
440.081,2,Dec 20 2020 01: +0,1608426000
448.547,2,Dec 23 2020 01: +0,1608685200
484.22,1,Dec 25 2020 01: +0,1608858000
505.363,2,Dec 26 2020 01: +0,1608944400
453.014,2,Dec 28 2020 01: +0,1609117200
471.068,3,Dec 29 2020 01: +0,1609203600
510.03,1,Dec 30 2020 01: +0,1609290000
461.24,3,Dec 31 2020 01: +0,1609376400
548.422,1,Jan 02 2021 01: +0,1609549200
490.727,2,Jan 03 2021 01: +0,1609635600
542.778,1,Jan 04 2021 01: +0,1609722000
499.396,1,Jan 05 2021 01: +0,1609808400
498.877,1,Jan 06 2021 01: +0,1609894800
507.56,4,Jan 08 2021 01: +0,1610067600
540.636,2,Jan 10 2021 01: +0,1610240400
551.689,2,Jan 11 2021 01: +0,1610326800
564.603,1,Jan 12 2021 01: +0,1610413200
534.058,2,Jan 13 2021 01: +0,1610499600
580.244,1,Jan 14 2021 01: +0,1610586000
633.341,1,Jan 16 2021 01: +0,1610758800
502.154,1,Jan 17 2021 01: +0,1610845200
557.768,2,Jan 18 2021 01: +0,1610931600
537.664,1,Jan 20 2021 01: +0,1611104400
587.604,1,Jan 21 2021 01: +0,1611190800
536.308,3,Jan 25 2021 01: +0,1611536400
490.985,2,Jan 27 2021 01: +0,1611709200
592.851,3,Jan 28 2021 01: +0,1611795600
601.675,1,Jan 30 2021 01: +0,1611968400
504.6,1,Jan 31 2021 01: +0,1612054800
514.338,4,Feb 04 2021 01: +0,1612400400
588.93,2,Feb 05 2021 01: +0,1612486800
591.615,1,Feb 08 2021 01: +0,1612746000
527.582,3,Feb 10 2021 01: +0,1612918800
576.986,1,Feb 11 2021 01: +0,1613005200
472.318,2,Feb 12 2021 01: +0,1613091600
461.101,2,Feb 13 2021 01: +0,1613178000
589.787,1,Feb 14 2021 01: +0,1613264400
577.734,1,Feb 16 2021 01: +0,1613437200
535.592,1,Feb 19 2021 01: +0,1613696400
541.893,1,Feb 21 2021 01: +0,1613869200
537.11,2,Feb 23 2021 01: +0,1614042000
525.844,1,Feb 25 2021 01: +0,1614214800
470.319,1,Feb 27 2021 01: +0,1614387600
496.9,2,Feb 28 2021 01: +0,1614474000
542.143,3,Mar 01 2021 01: +0,1614560400
523.061,2,Mar 02 2021 01: +0,1614646800
579.365,5,Mar 04 2021 01: +0,1614819600
634.186,1,Mar 06 2021 01: +0,1614992400
533.51,2,Mar 07 2021 01: +0,1615078800
545.708,2,Mar 08 2021 01: +0,1615165200
506.445,1,Mar 09 2021 01: +0,1615251600
565.125,3,Mar 10 2021 01: +0,1615338000
469.276,1,Mar 11 2021 01: +0,1615424400
586.821,1,Mar 12 2021 01: +0,1615510800
609.738,1,Mar 15 2021 01: +0,1615770000
591.431,1,Mar 16 2021 01: +0,1615856400
576.525,1,Mar 17 2021 01: +0,1615942800
516.969,1,Mar 18 2021 01: +0,1616029200
559.91,3,Mar 19 2021 01: +0,1616115600
573.328,3,Mar 20 2021 01: +0,1616202000
586.616,1,Mar 21 2021 01: +0,1616288400
590.766,3,Mar 22 2021 01: +0,1616374800
607.976,1,Mar 23 2021 01: +0,1616461200
555.339,2,Mar 24 2021 01: +0,1616547600
544.561,1,Mar 25 2021 01: +0,1616634000
578.384,1,Mar 26 2021 01: +0,1616720400
595.516,3,Mar 27 2021 01: +0,1616806800
587.26,3,Mar 28 2021 01: +0,1616893200
588.531,6,Mar 30 2021 01: +0,1617062400
591.147,2,Mar 31 2021 01: +0,1617148800
650.97,1,Apr 02 2021 01: +0,1617321600
653.48,1,Apr 03 2021 01: +0,1617408000
603.299,2,Apr 04 2021 01: +0,1617494400
592.752,1,Apr 05 2021 01: +0,1617580800
633.251,2,Apr 06 2021 01: +0,1617667200
537.323,1,Apr 07 2021 01: +0,1617753600
577.367,1,Apr 08 2021 01: +0,1617840000
589.784,1,Apr 11 2021 01: +0,1618099200
563.266,5,Apr 13 2021 01: +0,1618272000
628.138,1,Apr 14 2021 01: +0,1618358400
620.38,1,Apr 15 2021 01: +0,1618444800
670.02,1,Apr 19 2021 01: +0,1618790400
583.281,1,Apr 20 2021 01: +0,1618876800
559.351,1,Apr 22 2021 01: +0,1619049600
579.021,1,Apr 23 2021 01: +0,1619136000
673.337,1,Apr 25 2021 01: +0,1619308800
618.101,2,Apr 27 2021 01: +0,1619481600
778.972,1,Apr 28 2021 01: +0,1619568000
591.008,3,Apr 29 2021 01: +0,1619654400
685.827,1,May 02 2021 01: +0,1619913600
651.94,3,May 03 2021 01: +0,1620000000
632.139,2,May 05 2021 01: +0,1620172800
602.092,1,May 06 2021 01: +0,1620259200
670.5,3,May 07 2021 01: +0,1620345600
601.52,3,May 08 2021 01: +0,1620432000
606.872,1,May 09 2021 01: +0,1620518400
603.386,2,May 10 2021 01: +0,1620604800
634.168,1,May 11 2021 01: +0,1620691200
655.985,2,May 12 2021 01: +0,1620777600
714.681,1,May 13 2021 01: +0,1620864000
612.935,1,May 14 2021 01: +0,1620950400
658.206,3,May 15 2021 01: +0,1621036800
624.97,1,May 16 2021 01: +0,1621123200
625.756,1,May 17 2021 01: +0,1621209600
623.73,1,May 19 2021 01: +0,1621382400
630.918,1,May 20 2021 01: +0,1621468800
669.478,4,May 21 2021 01: +0,1621555200
640.811,1,May 23 2021 01: +0,1621728000
646.849,1,May 24 2021 01: +0,1621814400
737.243,1,May 26 2021 01: +0,1621987200
676.412,1,May 27 2021 01: +0,1622073600
703.122,1,May 31 2021 01: +0,1622419200
794.623,2,Jun 01 2021 01: +0,1622505600
862.761,1,Jun 02 2021 01: +0,1622592000
706.73,1,Jun 03 2021 01: +0,1622678400
781.802,2,Jun 05 2021 01: +0,1622851200
768.999,4,Jun 07 2021 01: +0,1623024000
746.35,1,Jun 09 2021 01: +0,1623196800
758.55,3,Jun 10 2021 01: +0,1623283200
813.276,1,Jun 11 2021 01: +0,1623369600
760.999,1,Jun 14 2021 01: +0,1623628800
658.745,2,Jun 16 2021 01: +0,1623801600
752.81,2,Jun 17 2021 01: +0,1623888000
751.222,2,Jun 18 2021 01: +0,1623974400
719.665,1,Jun 19 2021 01: +0,1624060800
717.316,1,Jun 21 2021 01: +0,1624233600
686.565,1,Jun 23 2021 01: +0,1624406400
769.269,1,Jun 24 2021 01: +0,1624492800
744.456,1,Jun 26 2021 01: +0,1624665600
785.817,1,Jun 28 2021 01: +0,1624838400
620.531,2,Jun 29 2021 01: +0,1624924800
598.757,1,Jul 01 2021 01: +0,1625097600
618.725,1,Jul 03 2021 01: +0,1625270400
726.042,2,Jul 05 2021 01: +0,1625443200
729.888,1,Jul 08 2021 01: +0,1625702400
676.363,1,Jul 09 2021 01: +0,1625788800
749.713,1,Jul 11 2021 01: +0,1625961600
591.385,2,Jul 14 2021 01: +0,1626220800
756.14,2,Jul 16 2021 01: +0,1626393600
602.86,1,Jul 18 2021 01: +0,1626566400
609.626,1,Jul 21 2021 01: +0,1626825600
685.737,1,Jul 22 2021 01: +0,1626912000
559.218,2,Jul 23 2021 01: +0,1626998400
624.648,1,Jul 24 2021 01: +0,1627084800
627.286,1,Jul 25 2021 01: +0,1627171200
626.112,1,Jul 26 2021 01: +0,1627257600
627.212,1,Jul 27 2021 01: +0,1627344000
649.093,1,Aug 01 2021 01: +0,1627776000
628.651,1,Aug 02 2021 01: +0,1627862400
636.261,1,Aug 04 2021 01: +0,1628035200
632.787,1,Aug 05 2021 01: +0,1628121600
628.887,2,Aug 06 2021 01: +0,1628208000
612.782,3,Aug 08 2021 01: +0,1628380800
612.913,3,Aug 09 2021 01: +0,1628467200
722.742,1,Aug 12 2021 01: +0,1628726400
664.6,1,Aug 16 2021 01: +0,1629072000
577.424,1,Aug 19 2021 01: +0,1629331200
572.598,2,Aug 22 2021 01: +0,1629590400
619.742,2,Aug 25 2021 01: +0,1629849600
544.321,1,Aug 26 2021 01: +0,1629936000
581.37,2,Aug 27 2021 01: +0,1630022400
620.39,1,Aug 29 2021 01: +0,1630195200
661.739,1,Sep 03 2021 01: +0,1630627200
586.92,1,Sep 04 2021 01: +0,1630713600
596.052,1,Sep 05 2021 01: +0,1630800000
614.432,3,Sep 06 2021 01: +0,1630886400
635.006,2,Sep 09 2021 01: +0,1631145600
670.464,2,Sep 10 2021 01: +0,1631232000
674.27,2,Sep 11 2021 01: +0,1631318400
510.042,2,Sep 13 2021 01: +0,1631491200
603.373,1,Sep 14 2021 01: +0,1631577600
590.917,1,Sep 16 2021 01: +0,1631750400
628.66,2,Sep 17 2021 01: +0,1631836800
691.499,2,Sep 20 2021 01: +0,1632096000
599.903,2,Sep 21 2021 01: +0,1632182400
528.091,3,Sep 22 2021 01: +0,1632268800
530.326,2,Sep 23 2021 01: +0,1632355200
522.768,2,Sep 24 2021 01: +0,1632441600
454.258,4,Sep 25 2021 01: +0,1632528000
612.116,1,Sep 26 2021 01: +0,1632614400
617.922,2,Sep 27 2021 01: +0,1632700800
641.843,2,Sep 28 2021 01: +0,1632787200
501.846,2,Sep 29 2021 01: +0,1632873600
628.14,1,Sep 30 2021 01: +0,1632960000
514.501,1,Oct 02 2021 01: +0,1633132800
533.526,1,Oct 04 2021 01: +0,1633305600
561.774,2,Oct 06 2021 01: +0,1633478400
537.803,1,Oct 07 2021 01: +0,1633564800
605.977,4,Oct 08 2021 01: +0,1633651200
543.453,1,Oct 09 2021 01: +0,1633737600
630.445,1,Oct 10 2021 01: +0,1633824000
517.248,1,Oct 11 2021 01: +0,1633910400
590.602,2,Oct 12 2021 01: +0,1633996800
560.098,1,Oct 14 2021 01: +0,1634169600
556.753,2,Oct 15 2021 01: +0,1634256000
567.548,1,Oct 17 2021 01: +0,1634428800
607.082,2,Oct 19 2021 01: +0,1634601600
556.017,2,Oct 20 2021 01: +0,1634688000
546.372,2,Oct 22 2021 01: +0,1634860800
669.685,1,Oct 23 2021 01: +0,1634947200
565.056,3,Oct 25 2021 01: +0,1635120000
650.91,3,Oct 28 2021 01: +0,1635379200
680.143,1,Oct 29 2021 01: +0,1635465600
565.249,1,Nov 01 2021 01: +0,1635728400
678.505,1,Nov 02 2021 01: +0,1635814800
609.267,1,Nov 03 2021 01: +0,1635901200
625.027,2,Nov 05 2021 01: +0,1636074000
608.617,2,Nov 06 2021 01: +0,1636160400
610.009,2,Nov 07 2021 01: +0,1636246800
545.934,1,Nov 08 2021 01: +0,1636333200
519.003,1,Nov 09 2021 01: +0,1636419600
529.366,1,Nov 10 2021 01: +0,1636506000
525.991,1,Nov 12 2021 01: +0,1636678800
535.363,1,Nov 13 2021 01: +0,1636765200
543.85,1,Nov 14 2021 01: +0,1636851600
558.342,1,Nov 15 2021 01: +0,1636938000
639.38,1,Nov 17 2021 01: +0,1637110800
551.292,3,Nov 21 2021 01: +0,1637456400
537.279,1,Nov 22 2021 01: +0,1637542800
594.962,1,Nov 23 2021 01: +0,1637629200
612.267,2,Nov 24 2021 01: +0,1637715600
602.012,3,Nov 26 2021 01: +0,1637888400
549.226,1,Nov 27 2021 01: +0,1637974800
570.11,2,Nov 28 2021 01: +0,1638061200
670.647,1,Nov 30 2021 01: +0,1638234000
634.376,1,Dec 02 2021 01: +0,1638406800
566.09,1,Dec 04 2021 01: +0,1638579600
570.766,1,Dec 05 2021 01: +0,1638666000
678.828,1,Dec 07 2021 01: +0,1638838800
624.79,1,Dec 11 2021 01: +0,1639184400
580.808,1,Dec 12 2021 01: +0,1639270800
581.503,1,Dec 13 2021 01: +0,1639357200
655.411,2,Dec 16 2021 01: +0,1639616400
656.858,1,Dec 17 2021 01: +0,1639702800
595.046,2,Dec 18 2021 01: +0,1639789200
668.42,1,Dec 19 2021 01: +0,1639875600
657.255,1,Dec 22 2021 01: +0,1640134800
636.094,2,Dec 24 2021 01: +0,1640307600
689.863,2,Dec 25 2021 01: +0,1640394000
635.881,1,Dec 31 2021 01: +0,1640912400
648.581,3,Jan 01 2022 01: +0,1640998800
753.88,1,Jan 05 2022 01: +0,1641344400
628.99,1,Jan 07 2022 01: +0,1641517200
739.517,1,Jan 08 2022 01: +0,1641603600
687.393,2,Jan 11 2022 01: +0,1641862800
709.314,4,Jan 13 2022 01: +0,1642035600
753.081,3,Jan 16 2022 01: +0,1642294800
659.629,2,Jan 17 2022 01: +0,1642381200
658.223,2,Jan 19 2022 01: +0,1642554000
633.278,1,Jan 20 2022 01: +0,1642640400
705.085,2,Jan 21 2022 01: +0,1642726800
654.06,2,Jan 23 2022 01: +0,1642899600
718.059,1,Jan 24 2022 01: +0,1642986000
613.779,1,Jan 26 2022 01: +0,1643158800
719.649,1,Jan 27 2022 01: +0,1643245200
678.131,3,Jan 28 2022 01: +0,1643331600
613.804,1,Jan 29 2022 01: +0,1643418000
593.212,3,Jan 30 2022 01: +0,1643504400
685.001,2,Feb 01 2022 01: +0,1643677200
574.897,1,Feb 05 2022 01: +0,1644022800
713.445,1,Feb 06 2022 01: +0,1644109200
638.411,3,Feb 07 2022 01: +0,1644195600
730.053,1,Feb 08 2022 01: +0,1644282000
755.214,1,Feb 09 2022 01: +0,1644368400
666.407,3,Feb 11 2022 01: +0,1644541200
632.353,2,Feb 15 2022 01: +0,1644886800
632.316,1,Feb 16 2022 01: +0,1644973200
633.226,1,Feb 17 2022 01: +0,1645059600
649.76,2,Feb 20 2022 01: +0,1645318800
696.904,2,Feb 21 2022 01: +0,1645405200
730.293,3,Feb 22 2022 01: +0,1645491600
632.96,1,Feb 23 2022 01: +0,1645578000
745.556,1,Feb 25 2022 01: +0,1645750800
795.843,1,Feb 26 2022 01: +0,1645837200
713.359,2,Mar 01 2022 01: +0,1646096400
641.977,1,Mar 02 2022 01: +0,1646182800
990.871,2,Mar 03 2022 01: +0,1646269200
675.596,2,Mar 04 2022 01: +0,1646355600
741.188,2,Mar 05 2022 01: +0,1646442000
655.179,2,Mar 06 2022 01: +0,1646528400
661.738,1,Mar 08 2022 01: +0,1646701200
660.663,1,Mar 09 2022 01: +0,1646787600
812.648,1,Mar 11 2022 01: +0,1646960400
817.465,1,Mar 14 2022 01: +0,1647219600
833.272,1,Mar 16 2022 01: +0,1647392400
702.667,1,Mar 19 2022 01: +0,1647651600
785.788,3,Mar 21 2022 01: +0,1647824400
827.182,1,Mar 22 2022 01: +0,1647910800
719.64,1,Mar 24 2022 01: +0,1648083600
721.022,1,Mar 25 2022 01: +0,1648170000
700.574,2,Mar 27 2022 01: +0,1648342800
856.124,1,Mar 29 2022 01: +0,1648512000
814.521,2,Apr 01 2022 01: +0,1648771200
821.287,1,Apr 02 2022 01: +0,1648857600
735.788,1,Apr 07 2022 01: +0,1649289600
885.824,1,Apr 08 2022 01: +0,1649376000
786.309,1,Apr 09 2022 01: +0,1649462400
852.005,2,Apr 11 2022 01: +0,1649635200
856.144,1,Apr 12 2022 01: +0,1649721600
750.113,1,Apr 13 2022 01: +0,1649808000
786.344,1,Apr 16 2022 01: +0,1650067200
938.254,1,Apr 18 2022 01: +0,1650240000
777.716,1,Apr 20 2022 01: +0,1650412800
807.936,1,Apr 27 2022 01: +0,1651017600
966.221,1,Apr 28 2022 01: +0,1651104000
936.874,1,Apr 29 2022 01: +0,1651190400
936.368,1,Apr 30 2022 01: +0,1651276800
907.847,1,May 02 2022 01: +0,1651449600
898.276,1,May 04 2022 01: +0,1651622400
774.391,1,May 05 2022 01: +0,1651708800
762.653,1,May 06 2022 01: +0,1651795200
848.952,1,May 08 2022 01: +0,1651968000
872.728,1,May 09 2022 01: +0,1652054400
868.449,1,May 12 2022 01: +0,1652313600
769.271,1,May 16 2022 01: +0,1652659200
876.005,2,May 18 2022 01: +0,1652832000
883.322,1,May 21 2022 01: +0,1653091200
787.924,3,May 26 2022 01: +0,1653523200
876.003,1,May 27 2022 01: +0,1653609600
867.845,2,Jun 01 2022 01: +0,1654041600
744.538,1,Jun 02 2022 01: +0,1654128000
830.504,2,Jun 04 2022 01: +0,1654300800
753.265,2,Jun 07 2022 01: +0,1654560000
820.332,1,Jun 09 2022 01: +0,1654732800
746.712,1,Jun 10 2022 01: +0,1654819200
780.462,2,Jun 11 2022 01: +0,1654905600
684.428,1,Jun 15 2022 01: +0,1655251200
858.696,2,Jun 16 2022 01: +0,1655337600
735.711,1,Jun 17 2022 01: +0,1655424000
760.999,1,Jun 22 2022 01: +0,1655856000
799.049,1,Jun 23 2022 01: +0,1655942400
703.097,1,Jun 24 2022 01: +0,1656028800
720.932,2,Jun 25 2022 01: +0,1656115200
736.723,1,Jun 28 2022 01: +0,1656374400
722.34,2,Jun 29 2022 01: +0,1656460800
717.639,1,Jul 01 2022 01: +0,1656633600
774.249,2,Jul 02 2022 01: +0,1656720000
721.849,1,Jul 03 2022 01: +0,1656806400
706.352,2,Jul 05 2022 01: +0,1656979200
745.415,1,Jul 12 2022 01: +0,1657584000
748.889,1,Jul 13 2022 01: +0,1657670400
748.591,1,Jul 14 2022 01: +0,1657756800
793.883,2,Jul 16 2022 01: +0,1657929600
774.483,2,Jul 18 2022 01: +0,1658102400
802.746,2,Jul 19 2022 01: +0,1658188800
847.034,1,Jul 20 2022 01: +0,1658275200
842.07,1,Jul 24 2022 01: +0,1658620800
1017.063,2,Jul 25 2022 01: +0,1658707200
805.468,1,Jul 28 2022 01: +0,1658966400
801.026,1,Jul 29 2022 01: +0,1659052800
903.686,1,Jul 31 2022 01: +0,1659225600
877.825,2,Aug 02 2022 01: +0,1659398400
789.611,1,Aug 03 2022 01: +0,1659484800
970.274,1,Aug 08 2022 01: +0,1659916800
951.501,1,Aug 11 2022 01: +0,1660176000
822.946,1,Aug 12 2022 01: +0,1660262400
942.499,1,Aug 13 2022 01: +0,1660348800
824.708,1,Aug 15 2022 01: +0,1660521600
882.202,2,Aug 17 2022 01: +0,1660694400
940.694,1,Aug 18 2022 01: +0,1660780800
830.721,1,Aug 19 2022 01: +0,1660867200
828.968,1,Aug 20 2022 01: +0,1660953600
821.151,1,Aug 21 2022 01: +0,1661040000
841.113,1,Aug 22 2022 01: +0,1661126400
918.981,1,Aug 23 2022 01: +0,1661212800
904.1,1,Aug 25 2022 01: +0,1661385600
818.074,1,Aug 26 2022 01: +0,1661472000
803.342,2,Aug 27 2022 01: +0,1661558400
823.308,1,Aug 28 2022 01: +0,1661644800
967.541,1,Aug 29 2022 01: +0,1661731200
806.899,2,Sep 03 2022 01: +0,1662163200
789.379,1,Sep 04 2022 01: +0,1662249600
905.761,1,Sep 07 2022 01: +0,1662508800
811.531,1,Sep 11 2022 01: +0,1662854400
805.054,1,Sep 12 2022 01: +0,1662940800
803.35,1,Sep 16 2022 01: +0,1663286400
841.951,2,Sep 17 2022 01: +0,1663372800
674.981,1,Sep 18 2022 01: +0,1663459200
804.095,1,Oct 08 2022 01: +0,1665187200
820.555,1,Oct 09 2022 01: +0,1665273600
911.988,1,Oct 10 2022 01: +0,1665360000
873.01,2,Oct 14 2022 01: +0,1665705600
903.686,1,Oct 24 2022 01: +0,1666569600
900.874,1,Oct 25 2022 01: +0,1666656000
865.776,2,Oct 30 2022 01: +0,1667088000
884.661,1,Nov 04 2022 01: +0,1667523600
817.877,3,Nov 06 2022 01: +0,1667696400
846.256,1,Nov 07 2022 01: +0,1667782800
861.141,1,Nov 12 2022 01: +0,1668214800
843.733,1,Nov 16 2022 01: +0,1668560400
892.284,2,Nov 20 2022 01: +0,1668906000
828.118,1,Nov 24 2022 01: +0,1669251600
760.999,1,Nov 25 2022 01: +0,1669338000
778.808,1,Nov 26 2022 01: +0,1669424400
931.006,1,Nov 30 2022 01: +0,1669770000
949.073,1,Dec 05 2022 01: +0,1670202000
839.597,2,Dec 06 2022 01: +0,1670288400
827.173,1,Dec 12 2022 01: +0,1670806800
909.89,1,Dec 18 2022 01: +0,1671325200
843.733,1,Dec 24 2022 01: +0,1671843600
840.734,2,Dec 25 2022 01: +0,1671930000
909.583,1,Dec 27 2022 01: +0,1672102800
994.571,1,Jan 01 2023 01: +0,1672534800
990.324,1,Jan 10 2023 01: +0,1673312400
906.035,1,Jan 13 2023 01: +0,1673571600
892.999,1,Jan 14 2023 01: +0,1673658000
1026.945,1,Jan 16 2023 01: +0,1673830800
1071.607,1,Jan 17 2023 01: +0,1673917200
1144.987,1,Jan 21 2023 01: +0,1674262800
843.071,1,Jan 22 2023 01: +0,1674349200
898.409,1,Jan 25 2023 01: +0,1674608400
898.607,1,Jan 29 2023 01: +0,1674954000
1095.682,1,Jan 31 2023 01: +0,1675126800
901.503,1,Feb 06 2023 01: +0,1675645200
901.643,2,Feb 09 2023 01: +0,1675904400
1046.374,1,Feb 10 2023 01: +0,1675990800
867.704,1,Feb 12 2023 01: +0,1676163600
912.09,1,Feb 13 2023 01: +0,1676250000
917.302,1,Feb 14 2023 01: +0,1676336400
926.544,1,Feb 18 2023 16: +0,1676736000
926.494,1,Feb 21 2023 14: +0,1676988000
856.124,1,Feb 23 2023 07: +0,1677135600
865.223,1,Feb 24 2023 07: +0,1677222000
913.199,1,Feb 27 2023 20: +0,1677528000
918.981,1,Feb 28 2023 00: +0,1677542400
1046.374,1,Feb 28 2023 07: +0,1677567600
957.509,1,Mar 04 2023 18: +0,1677952800
952.018,1,Mar 05 2023 09: +0,1678006800
1009.44,1,Mar 05 2023 13: +0,1678021200
1016.769,1,Mar 06 2023 21: +0,1678136400
1148.943,1,Mar 13 2023 11: +0,1678705200
1154.783,1,Mar 14 2023 00: +0,1678752000
1294.819,1,Mar 24 2023 18: +0,1679680800
1050.452,1,Mar 25 2023 00: +0,1679702400
1268.378,1,Mar 25 2023 20: +0,1679774400
1048.345,1,Mar 27 2023 13: +0,1679918400
1055.308,1,Mar 28 2023 09: +0,1679990400
1084.913,1,Mar 30 2023 09: +0,1680163200
1252.59,1,Apr 01 2023 00: +0,1680303600
1212.594,1,Apr 02 2023 03: +0,1680400800
1253.002,1,Apr 02 2023 04: +0,1680404400
1315.044,1,Apr 07 2023 01: +0,1680825600
1283.944,1,Apr 07 2023 11: +0,1680861600
1450.541,1,Apr 09 2023 10: +0,1681030800
973.768,1,Apr 09 2023 11: +0,1681034400
1220.178,2,Apr 10 2023 03: +0,1681092000
1319.86,1,Apr 13 2023 15: +0,1681394400
1199.784,1,Apr 17 2023 05: +0,1681704000
1218.278,1,Apr 21 2023 00: +0,1682031600
1140.686,1,Apr 23 2023 19: +0,1682272800
1515.465,1,Apr 24 2023 09: +0,1682323200
1190.441,1,Apr 25 2023 13: +0,1682424000
1356.105,1,Apr 25 2023 16: +0,1682434800
1318.753,1,Apr 26 2023 12: +0,1682506800
1153.027,1,Apr 27 2023 02: +0,1682557200
1080.892,1,Apr 28 2023 13: +0,1682683200
1017.388,1,May 02 2023 03: +0,1682992800
1271.529,1,May 02 2023 23: +0,1683064800
1404.836,1,May 04 2023 01: +0,1683158400
1218.523,1,May 05 2023 02: +0,1683248400
1030.476,1,May 05 2023 13: +0,1683288000
1020.527,1,May 06 2023 01: +0,1683331200
1050.242,1,May 10 2023 13: +0,1683720000
1029.034,1,May 11 2023 01: +0,1683763200
1189.241,1,May 15 2023 06: +0,1684126800
1217.137,1,May 16 2023 05: +0,1684209600
1127.805,1,May 20 2023 03: +0,1684548000
1056.502,1,May 21 2023 04: +0,1684638000
1128.571,1,May 23 2023 06: +0,1684818000
1137.191,1,May 24 2023 18: +0,1684947600
1246.056,1,May 28 2023 05: +0,1685246400
1312.446,1,Jun 01 2023 10: +0,1685610000
1090.104,1,Jun 03 2023 03: +0,1685757600
1087.345,1,Jun 03 2023 21: +0,1685822400
1112.771,1,Jun 08 2023 12: +0,1686222000
1144.871,1,Jun 14 2023 10: +0,1686733200
1183.146,1,Jun 15 2023 14: +0,1686834000
1386.149,1,Jun 15 2023 17: +0,1686844800
1286.57,1,Jun 21 2023 02: +0,1687309200
1159.882,1,Jun 22 2023 02: +0,1687395600
1160.817,1,Jun 25 2023 13: +0,1687694400
1124.805,1,Jun 26 2023 19: +0,1687802400
1347.906,1,Jul 10 2023 21: +0,1689019200
915.676,1,Jul 14 2023 21: +0,1689364800
837.302,1,Jul 15 2023 02: +0,1689382800
991.983,1,Jul 16 2023 22: +0,1689541200
1013.799,1,Jul 17 2023 19: +0,1689616800
1035.0,1,Jul 18 2023 09: +0,1689667200
1086.892,1,Jul 19 2023 14: +0,1689771600
1217.37,1,Jul 21 2023 20: +0,1689966000
951.701,1,Jul 23 2023 01: +0,1690070400
959.111,1,Jul 25 2023 09: +0,1690272000
963.829,1,Jul 26 2023 23: +0,1690408800
961.491,1,Jul 27 2023 20: +0,1690484400
1180.445,1,Jul 31 2023 17: +0,1690819200
1006.181,1,Aug 05 2023 19: +0,1691258400
1005.455,1,Aug 09 2023 09: +0,1691568000
967.744,1,Aug 10 2023 13: +0,1691668800
1023.043,1,Aug 10 2023 18: +0,1691686800
1080.951,1,Aug 15 2023 21: +0,1692129600
955.045,1,Aug 16 2023 15: +0,1692194400
961.19,1,Aug 29 2023 03: +0,1693274400
1106.117,1,Aug 30 2023 19: +0,1693418400
1198.138,1,Sep 01 2023 13: +0,1693569600
1296.4,1,Sep 02 2023 01: +0,1693612800
1214.41,1,Sep 07 2023 15: +0,1694095200
1001.346,1,Sep 13 2023 18: +0,1694624400
998.178,1,Sep 20 2023 03: +0,1695175200
1018.289,1,Sep 23 2023 00: +0,1695423600
1347.086,1,Sep 26 2023 07: +0,1695708000
1082.693,1,Sep 28 2023 04: +0,1695870000
1025.238,1,Sep 28 2023 16: +0,1695913200
1225.609,1,Sep 29 2023 06: +0,1695963600
1092.62,1,Sep 29 2023 20: +0,1696014000
1094.822,1,Sep 30 2023 09: +0,1696060800
982.131,1,Oct 02 2023 03: +0,1696212000
1231.698,1,Oct 02 2023 08: +0,1696230000
1200.024,1,Oct 10 2023 01: +0,1696896000
1193.402,1,Oct 14 2023 18: +0,1697302800
1284.876,1,Oct 17 2023 03: +0,1697508000
1230.622,1,Oct 19 2023 03: +0,1697680800
1173.151,1,Oct 20 2023 14: +0,1697806800
1175.328,1,Oct 22 2023 08: +0,1697958000
1217.404,1,Oct 30 2023 00: +0,1698624000
1129.864,1,Nov 04 2023 00: +0,1699056000
1150.317,1,Nov 08 2023 19: +0,1699470000
1299.556,1,Nov 20 2023 17: +0,1700499600
1318.425,1,Nov 22 2023 05: +0,1700629200
1176.26,1,Dec 05 2023 15: +0,1701788400
1166.886,1,Dec 05 2023 17: +0,1701795600
1162.206,1,Dec 07 2023 13: +0,1701954000
1162.799,1,Dec 18 2023 20: +0,1702929600
1458.472,1,Dec 21 2023 17: +0,1703178000
1001.528,1,Dec 24 2023 19: +0,1703444400
1075.486,1,Dec 27 2023 23: +0,1703718000
1063.226,1,Dec 28 2023 16: +0,1703779200
1006.711,1,Jan 02 2024 00: +0,1704153600
1002.109,1,Jan 02 2024 02: +0,1704160800
1046.6,1,Jan 13 2024 18: +0,1705168800
991.731,1,Jan 18 2024 03: +0,1705546800
988.126,1,Jan 20 2024 04: +0,1705723200
1086.341,1,Jan 23 2024 13: +0,1706014800
1254.146,1,Jan 26 2024 14: +0,1706277600
1103.778,1,Feb 04 2024 11: +0,1707044400
984.33,1,Feb 08 2024 18: +0,1707415200
981.781,1,Feb 09 2024 03: +0,1707447600
1145.855,1,Feb 11 2024 20: +0,1707681600
1131.945,1,Feb 22 2024 10: +0,1708596000
1181.56,1,Feb 26 2024 02: +0,1708912800
1240.797,1,Feb 28 2024 04: +0,1709092800
1137.513,1,Feb 28 2024 23: +0,1709161200
1154.271,1,Mar 01 2024 13: +0,1709298000
963.726,1,Mar 02 2024 02: +0,1709344800
962.057,1,Mar 04 2024 20: +0,1709582400
1287.954,1,Mar 14 2024 05: +0,1710392400
1153.253,1,Mar 14 2024 21: +0,1710450000
983.441,1,Mar 24 2024 12: +0,1711281600
1107.216,1,Mar 30 2024 18: +0,1711821600
1147.998,1,Apr 01 2024 02: +0,1711933200
1152.038,1,Apr 03 2024 14: +0,1712149200
1164.54,1,Apr 12 2024 11: +0,1712916000
1063.396,1,Apr 12 2024 19: +0,1712944800
1049.118,1,Apr 18 2024 15: +0,1713448800
1055.699,1,Apr 22 2024 01: +0,1713744000
1285.202,1,Apr 30 2024 12: +0,1714474800
1248.474,1,May 06 2024 19: +0,1715018400
1295.182,1,May 09 2024 08: +0,1715238000
1290.48,1,May 15 2024 14: +0,1715778000
1307.151,1,May 22 2024 19: +0,1716400800
1110.494,1,Jun 01 2024 10: +0,1717232400
1536.324,1,Jun 04 2024 09: +0,1717488000
1280.776,1,Jun 09 2024 02: +0,1717894800
1356.412,1,Jun 11 2024 05: +0,1718078400
